id;event_name;event_desc;event_org;event_date;event_location;event_poster;event_poster_content_type;entered_by;entered_date;modified_by;modified_date;event_status
1;around scarcely when;minty why up;out amidst ultimately;2025-11-19T03:42:40;tinted gown smarten;../fake-data/blob/hipster.png;image/png;alive;2025-11-18T08:50:14;yearly frantically;2025-11-19T03:00:41;but very
2;thoughtfully seagull drat;doubter without;extricate geez into;2025-11-18T23:25:54;best hence heating;../fake-data/blob/hipster.png;image/png;searchingly that;2025-11-18T15:54:16;fooey beside;2025-11-19T02:07:36;indeed yesterday
3;dishearten furthermore ack;brr;standard pilot;2025-11-19T03:18:47;mysterious unabashedly;../fake-data/blob/hipster.png;image/png;brr bid beyond;2025-11-18T09:40:51;split uh-huh;2025-11-19T05:38:49;obscure
4;unless glow controvert;reproach;aside comfortable provided;2025-11-18T23:33:04;biodegrade vary behind;../fake-data/blob/hipster.png;image/png;supposing yuck restfully;2025-11-19T01:22:47;failing apud why;2025-11-18T14:19:21;qua
5;pilot fond;alongside;solemnly;2025-11-18T23:29:17;hence unless elegantly;../fake-data/blob/hipster.png;image/png;gah;2025-11-18T08:23:41;worriedly appliance;2025-11-18T21:21:27;oh nor underplay
6;via;furthermore;miserably knottily;2025-11-18T09:19:47;scale and;../fake-data/blob/hipster.png;image/png;atop zowie;2025-11-19T02:20:23;huzzah for;2025-11-18T15:51:07;underneath
7;scrabble;from ew rowdy;sharply;2025-11-18T11:32:41;poetry uh-huh travel;../fake-data/blob/hipster.png;image/png;nor;2025-11-19T02:16:20;so;2025-11-18T07:24:48;pressure phooey owlishly
8;unnecessarily;for pale;tuxedo;2025-11-18T23:50:52;pessimistic cutlet underneath;../fake-data/blob/hipster.png;image/png;yearningly considering;2025-11-18T15:25:03;aha whoever beside;2025-11-18T11:04:47;cosset forgather now
9;about scoff;along;via;2025-11-18T16:34:55;naturally expert equally;../fake-data/blob/hipster.png;image/png;failing wide-eyed;2025-11-19T06:36:27;so pip giving;2025-11-18T18:00:30;elegantly gah prance
10;freely summarise;beneath;premise respray perfectly;2025-11-18T20:20:54;sans;../fake-data/blob/hipster.png;image/png;overfeed giggle;2025-11-18T11:53:02;overtrain;2025-11-19T05:11:29;ceramic afterwards bravely
